{
  "Transfer Antar Bank" : {
    "transaction" : "Transfer Antar Bank",
    "sampleCount" : 133,
    "errorCount" : 0,
    "errorPct" : 0.0,
    "meanResTime" : 15062.1954887218,
    "medianResTime" : 14359.0,
    "minResTime" : 4199.0,
    "maxResTime" : 47870.0,
    "pct1ResTime" : 22550.4,
    "pct2ResTime" : 28386.6,
    "pct3ResTime" : 42783.93999999995,
    "throughput" : 0.07877639527507474,
    "receivedKBytesPerSec" : 0.0844958281087209,
    "sentKBytesPerSec" : 0.05385105145757062
  },
  "All Data Ewallet" : {
    "transaction" : "All Data Ewallet",
    "sampleCount" : 120,
    "errorCount" : 0,
    "errorPct" : 0.0,
    "meanResTime" : 4258.741666666668,
    "medianResTime" : 3938.0,
    "minResTime" : 1249.0,
    "maxResTime" : 9159.0,
    "pct1ResTime" : 6774.100000000001,
    "pct2ResTime" : 7721.049999999998,
    "pct3ResTime" : 9149.34,
    "throughput" : 0.08073473995676654,
    "receivedKBytesPerSec" : 0.08465255615437559,
    "sentKBytesPerSec" : 0.040998110134295516
  },
  "Ewallet history" : {
    "transaction" : "Ewallet history",
    "sampleCount" : 120,
    "errorCount" : 0,
    "errorPct" : 0.0,
    "meanResTime" : 10162.224999999999,
    "medianResTime" : 8264.5,
    "minResTime" : 3271.0,
    "maxResTime" : 58479.0,
    "pct1ResTime" : 17887.800000000003,
    "pct2ResTime" : 21408.899999999987,
    "pct3ResTime" : 52686.149999999776,
    "throughput" : 0.08073370793773817,
    "receivedKBytesPerSec" : 0.08978865555165343,
    "sentKBytesPerSec" : 0.04170715966705419
  },
  "GET notifications" : {
    "transaction" : "GET notifications",
    "sampleCount" : 120,
    "errorCount" : 0,
    "errorPct" : 0.0,
    "meanResTime" : 5745.5583333333325,
    "medianResTime" : 5282.5,
    "minResTime" : 2760.0,
    "maxResTime" : 14532.0,
    "pct1ResTime" : 8534.6,
    "pct2ResTime" : 10342.449999999993,
    "pct3ResTime" : 13859.369999999974,
    "throughput" : 0.08091504122958497,
    "receivedKBytesPerSec" : 0.09063301143194674,
    "sentKBytesPerSec" : 0.03998340904508788
  },
  "Check Account Ewallet" : {
    "transaction" : "Check Account Ewallet",
    "sampleCount" : 121,
    "errorCount" : 0,
    "errorPct" : 0.0,
    "meanResTime" : 5633.181818181819,
    "medianResTime" : 4601.0,
    "minResTime" : 1412.0,
    "maxResTime" : 19102.0,
    "pct1ResTime" : 11315.999999999995,
    "pct2ResTime" : 13252.399999999996,
    "pct3ResTime" : 18456.960000000003,
    "throughput" : 0.07756067199591814,
    "receivedKBytesPerSec" : 0.07480889066445139,
    "sentKBytesPerSec" : 0.04605164899757639
  },
  "Last Transaction VA" : {
    "transaction" : "Last Transaction VA",
    "sampleCount" : 122,
    "errorCount" : 0,
    "errorPct" : 0.0,
    "meanResTime" : 5442.893442622951,
    "medianResTime" : 4852.5,
    "minResTime" : 1017.0,
    "maxResTime" : 16453.0,
    "pct1ResTime" : 10241.000000000002,
    "pct2ResTime" : 11866.249999999998,
    "pct3ResTime" : 16428.16,
    "throughput" : 0.07789161445693903,
    "receivedKBytesPerSec" : 0.07372918155066882,
    "sentKBytesPerSec" : 0.04145598620999196
  },
  "Success Refresh Token" : {
    "transaction" : "Success Refresh Token",
    "sampleCount" : 138,
    "errorCount" : 0,
    "errorPct" : 0.0,
    "meanResTime" : 4160.666666666666,
    "medianResTime" : 3070.5,
    "minResTime" : 1009.0,
    "maxResTime" : 14419.0,
    "pct1ResTime" : 9703.800000000001,
    "pct2ResTime" : 10253.399999999983,
    "pct3ResTime" : 14415.88,
    "throughput" : 0.07684674420391785,
    "receivedKBytesPerSec" : 0.08103244244707877,
    "sentKBytesPerSec" : 0.05448314091019957
  },
  "Mutasi" : {
    "transaction" : "Mutasi",
    "sampleCount" : 133,
    "errorCount" : 1,
    "errorPct" : 0.7518797,
    "meanResTime" : 24209.315789473687,
    "medianResTime" : 19967.0,
    "minResTime" : 6112.0,
    "maxResTime" : 60028.0,
    "pct1ResTime" : 45785.0,
    "pct2ResTime" : 52534.8,
    "pct3ResTime" : 59831.82,
    "throughput" : 0.07834248507074974,
    "receivedKBytesPerSec" : 0.1063409267989614,
    "sentKBytesPerSec" : 0.04662169385877383
  },
  "Detail User" : {
    "transaction" : "Detail User",
    "sampleCount" : 133,
    "errorCount" : 0,
    "errorPct" : 0.0,
    "meanResTime" : 4817.8421052631575,
    "medianResTime" : 4079.0,
    "minResTime" : 1016.0,
    "maxResTime" : 19279.0,
    "pct1ResTime" : 8230.800000000001,
    "pct2ResTime" : 12723.4,
    "pct3ResTime" : 18089.33999999999,
    "throughput" : 0.08047072348020752,
    "receivedKBytesPerSec" : 0.08209973094492595,
    "sentKBytesPerSec" : 0.039999607667407844
  },
  "Success Re-Login User" : {
    "transaction" : "Success Re-Login User",
    "sampleCount" : 139,
    "errorCount" : 0,
    "errorPct" : 0.0,
    "meanResTime" : 3753.733812949642,
    "medianResTime" : 3156.0,
    "minResTime" : 1118.0,
    "maxResTime" : 17541.0,
    "pct1ResTime" : 7160.0,
    "pct2ResTime" : 8389.0,
    "pct3ResTime" : 15896.199999999977,
    "throughput" : 0.07772597288873331,
    "receivedKBytesPerSec" : 0.0703528832561479,
    "sentKBytesPerSec" : 0.04364495547951333
  },
  "Transfer Sesama Bank" : {
    "transaction" : "Transfer Sesama Bank",
    "sampleCount" : 134,
    "errorCount" : 0,
    "errorPct" : 0.0,
    "meanResTime" : 19937.910447761187,
    "medianResTime" : 18185.5,
    "minResTime" : 3093.0,
    "maxResTime" : 50620.0,
    "pct1ResTime" : 33885.0,
    "pct2ResTime" : 35913.5,
    "pct3ResTime" : 50226.600000000006,
    "throughput" : 0.07353937896543264,
    "receivedKBytesPerSec" : 0.07769022500443157,
    "sentKBytesPerSec" : 0.049624717641712855
  },
  "Mutasi [/] Download" : {
    "transaction" : "Mutasi [/] Download",
    "sampleCount" : 130,
    "errorCount" : 1,
    "errorPct" : 0.7692308,
    "meanResTime" : 7802.692307692307,
    "medianResTime" : 5611.0,
    "minResTime" : 1962.0,
    "maxResTime" : 22540.0,
    "pct1ResTime" : 15504.800000000003,
    "pct2ResTime" : 19126.599999999995,
    "pct3ResTime" : 22462.19,
    "throughput" : 0.07801126482664097,
    "receivedKBytesPerSec" : 1.274196689314437,
    "sentKBytesPerSec" : 0.04753811450373434
  },
  "Create Transaction Ewallet" : {
    "transaction" : "Create Transaction Ewallet",
    "sampleCount" : 120,
    "errorCount" : 0,
    "errorPct" : 0.0,
    "meanResTime" : 12874.524999999998,
    "medianResTime" : 8806.0,
    "minResTime" : 3130.0,
    "maxResTime" : 50747.0,
    "pct1ResTime" : 25377.900000000005,
    "pct2ResTime" : 33404.99999999998,
    "pct3ResTime" : 49400.89999999995,
    "throughput" : 0.08139179977617256,
    "receivedKBytesPerSec" : 0.08722395144470445,
    "sentKBytesPerSec" : 0.05381078950045783
  },
  "Success Login" : {
    "transaction" : "Success Login",
    "sampleCount" : 140,
    "errorCount" : 0,
    "errorPct" : 0.0,
    "meanResTime" : 3396.014285714286,
    "medianResTime" : 2949.0,
    "minResTime" : 1236.0,
    "maxResTime" : 12349.0,
    "pct1ResTime" : 5142.400000000001,
    "pct2ResTime" : 6244.999999999996,
    "pct3ResTime" : 11927.110000000004,
    "throughput" : 0.0776020092268789,
    "receivedKBytesPerSec" : 0.08679505416758819,
    "sentKBytesPerSec" : 0.04467961664053142
  },
  "Check Nomor VA" : {
    "transaction" : "Check Nomor VA",
    "sampleCount" : 122,
    "errorCount" : 0,
    "errorPct" : 0.0,
    "meanResTime" : 4996.655737704917,
    "medianResTime" : 4112.0,
    "minResTime" : 1127.0,
    "maxResTime" : 26459.0,
    "pct1ResTime" : 8574.300000000001,
    "pct2ResTime" : 11686.399999999994,
    "pct3ResTime" : 25182.26999999998,
    "throughput" : 0.07712649440485214,
    "receivedKBytesPerSec" : 0.07427425628249032,
    "sentKBytesPerSec" : 0.044362798051228426
  },
  "Success Refresh Token [/]" : {
    "transaction" : "Success Refresh Token [/]",
    "sampleCount" : 139,
    "errorCount" : 0,
    "errorPct" : 0.0,
    "meanResTime" : 3817.7122302158277,
    "medianResTime" : 2878.0,
    "minResTime" : 966.0,
    "maxResTime" : 16123.0,
    "pct1ResTime" : 7888.0,
    "pct2ResTime" : 9534.0,